mmsi;lon;lat;status;turn;speed;accuracy;course;heading;second;maneuver;spare_1;raim;radio;msg_type;repeat
256787000;8.314648;-33.365217;0;0.0;17.4;False;125.6;128;28;0;b'@';False;114695;1;0
352003339;14.133693;-30.847588;0;0.0;13.5;False;141.8;140;29;0;b'\x00';False;49165;1;0
372754000;4.037655;-33.292067;0;0.0;11.1;False;95.5;96;6;0;b'\x00';False;49153;1;0
354341000;3.674663;-32.341575;0;1.0;12.2;False;280.3;282;52;0;b'\x00';False;2236;1;0
636023327;12.740102;-29.873538;0;0.0;12.2;False;142.0;145;30;0;b'\x00';False;66740;1;0
366771000;11.578873;-32.09724;0;0.0;17.6;False;117.3;117;30;0;b'\x00';False;114704;1;0
357395000;11.059215;-33.583513;0;0.0;12.8;False;290.3;281;33;0;b'\x00';False;33987;1;0
314601000;1.801553;-33.699002;0;0.0;12.6;False;95.1;92;29;0;b'\x00';False;26712;1;0
477620900;10.456977;-32.037677;0;2.0;15.2;False;112.5;113;34;0;b'\x00';False;26712;1;0
352001447;11.809182;-32.023033;0;0.0;17.2;False;298.2;298;34;0;b'\x00';False;2256;1;0
538007194;4.285842;-33.893332;0;0.0;11.5;False;90.3;95;43;0;b'\x00';False;26712;1;0
636021561;13.32549;-32.134508;0;0.0;12.5;False;124.3;124;29;0;b'\x00';False;2229;1;0
601027720;13.825548;-29.871405;0;0.0;13.7;False;323.8;320;33;0;b'\x00';False;49156;1;0
477967700;16.112968;-32.627228;0;0.0;20.4;False;316.9;318;31;0;b'\x00';False;26712;1;0
636022285;10.460413;-31.615343;0;0.0;11.8;True;288.6;290;35;0;b'\x00';False;49160;1;0
538010074;5.085513;-32.37024;0;0.0;10.7;False;102.6;102;27;0;b'\x00';False;2270;1;0
538007895;8.91234;-31.677255;0;0.0;10.8;True;115.2;118;35;0;b'\x00';False;49153;1;0
538004386;11.840652;-30.008728;0;0.0;12.8;False;130.5;134;35;0;b'\x00';False;26712;1;0
352003981;15.303792;-32.002967;0;0.0;12.7;False;142.6;144;35;0;b'\x00';False;81929;1;0
366771000;11.579385;-32.097467;0;0.0;17.6;False;117.3;118;36;0;b'\x00';False;2262;1;0
601986000;18.42584;-33.902437;15;-128.0;0.0;False;5.0;511;37;0;b'\x00';False;66959;1;0
538006976;10.820888;-32.455492;0;3.0;15.2;False;115.9;113;37;0;b'\x00';False;2281;1;0
351178000;9.688585;-32.525593;0;2.0;11.5;False;102.8;105;37;0;b'\x00';False;81930;1;0
477620900;10.45744;-32.037832;0;1.0;15.2;False;111.8;113;40;0;b'\x00';False;49159;1;0
352001447;11.808603;-32.02278;0;-0.0;17.1;False;297.8;297;41;0;b'\x00';False;26712;1;0
636023327;12.740505;-29.873982;0;-1.0;12.2;False;142.0;145;39;0;b'\x00';False;34316;1;0
376371000;17.515278;-32.675538;0;0.0;6.4;False;337.6;344;44;0;b'\x00';False;49154;1;0
538011005;9.810793;-30.711347;0;-2.0;13.3;False;299.9;299;36;0;b'\x00';False;26712;1;0
636014332;11.99692;-29.704243;0;0.0;10.1;False;141.6;142;27;0;b'\x00';False;2219;1;0
249472000;2.618302;-28.558662;8;2.0;8.8;False;118.3;127;38;0;b'\x00';False;114700;1;0
352879000;14.538137;-31.269407;0;0.0;17.6;False;319.3;321;41;0;b'\x00';False;34375;1;0
563004200;11.353235;-31.00066;0;-0.0;16.5;False;130.2;132;36;0;b'\x00';False;2247;1;0
563110200;2.016678;-31.06554;0;1.0;12.0;False;113.5;117;32;0;b'\x00';False;26712;1;0
538010507;13.177867;-29.819163;0;0.0;12.1;False;139.4;143;39;0;b'\x00';False;26712;1;0
563162000;7.837037;-30.93101;0;-2.0;10.8;False;114.6;113;12;0;b'\x00';False;34414;1;0
538010537;9.233503;-33.843267;0;4.0;10.1;False;91.0;86;43;0;b'\x00';False;49155;1;0
636023070;14.799917;-30.494467;0;0.0;11.0;False;143.0;140;44;0;b'\x00';False;26712;1;0
235094793;6.60016;-29.859873;0;1.0;12.5;False;298.5;299;45;0;b'\x00';False;34478;1;0
563233200;8.902218;-32.480367;0;0.0;12.3;False;103.7;107;44;0;b'\x00';False;81920;1;0
304924000;15.806298;-28.79555;0;0.0;9.6;False;158.2;157;46;0;b'\x00';False;114690;1;0
311001553;-3.894983;-31.591088;0;4.0;11.0;False;288.8;289;46;0;b'\x00';False;49153;1;0
352001447;11.808193;-32.022598;0;0.0;17.1;False;297.9;298;46;0;b'\x00';False;67290;1;0
538007895;8.912872;-31.677463;0;3.0;10.7;True;114.8;118;45;0;b'\x00';False;26712;1;0
477967700;16.11206;-32.62639;0;0.0;20.4;False;317.4;318;43;0;b'\x00';False;100122;1;0
304053000;9.187203;-34.60035;0;-0.0;12.2;False;88.0;86;49;0;b'\x00';False;26403;3;0
352003691;12.952067;-28.694417;0;0.0;10.3;False;143.0;144;48;0;b'\x00';False;26712;1;0
372754000;4.03887;-33.292178;0;0.0;11.1;False;95.6;96;25;0;b'\x00';False;34615;1;0
366771000;11.58042;-32.097922;0;0.0;17.6;False;117.3;118;48;0;b'\x00';False;49168;1;0
538090574;0.512985;-31.557943;0;-2.0;12.6;False;110.7;108;43;0;b'\x00';False;26712;1;0
338619000;3.832867;-29.416967;0;0.0;16.2;False;296.0;295;47;0;b'\x00';False;2270;1;0
636023327;12.740907;-29.874425;0;-2.0;12.2;False;142.0;145;49;0;b'\x00';False;34676;1;0
265021000;12.888333;-28.572;0;0.0;15.8;False;143.3;142;52;0;b'\x00';False;2231;1;0
636014332;11.997222;-29.704583;0;0.0;10.1;False;141.6;142;36;0;b'\x00';False;34704;1;0
352001434;12.421663;-27.654652;0;0.0;11.8;False;139.9;143;51;0;b'\x00';False;49157;1;0
477620900;10.458365;-32.038157;0;0.0;15.2;False;112.1;113;52;0;b'\x00';False;49159;1;0
538011005;9.810137;-30.71103;0;-2.0;13.3;False;299.6;299;47;0;b'\x00';False;67501;1;0
357395000;11.057858;-33.583168;0;0.0;12.7;False;285.7;281;53;0;b'\x00';False;26712;1;0
563198100;12.18137;-28.547752;0;0.0;12.6;False;321.7;323;49;0;b'\x00';False;114692;1;0
248314000;12.032708;-28.152058;0;0.0;11.9;False;322.9;325;52;0;b'\x00';False;34752;1;0
636093237;12.278498;-28.116252;0;0.0;11.5;True;321.6;324;52;0;b'\x00';False;34782;1;0
994011728;32.114945;-35.449405;;;4.7;False;163.4;511;29;;;False;917510;18;0
636022208;27.084255;-33.755497;0;0.0;9.4;False;66.8;62;29;0;b'\x00';False;49266;1;0
372280000;30.58115;-32.90083;0;0.0;16.6;False;249.3;250;24;0;b'\x00';False;66636;1;0
636021536;29.420975;-31.988557;0;0.0;15.4;False;47.4;47;23;0;b'\x00';False;114737;1;0
994011728;32.114945;-35.449405;;;4.7;False;163.4;511;29;;;False;917510;18;0
636021546;30.128035;-31.947925;0;0.0;15.0;False;224.6;225;29;0;b'\x00';False;26704;1;0
355113000;20.486783;-34.971747;0;2.0;16.1;False;267.5;268;30;0;b'\x00';False;81945;1;0
563227500;27.582025;-33.906495;0;-22.0;9.1;True;70.6;64;29;0;b'\x00';True;7008;3;0
215126000;20.931868;-34.91866;0;-1.0;17.6;True;260.5;261;29;0;b'\x00';True;81955;1;0
232011742;27.74429;-33.569282;0;-2.0;18.3;False;245.5;253;28;0;b'\x00';False;2248;1;0
636024397;23.543617;-35.143817;0;0.0;9.4;False;76.0;72;30;0;b'\x00';False;26704;1;0
356505000;26.090658;-33.838413;0;0.0;8.0;True;302.4;312;29;0;b'\x00';False;2242;1;0
257389000;24.650215;-34.778222;0;13.0;15.3;False;81.6;82;29;0;b'\x00';False;0;3;0
636019094;20.3761;-34.9146;0;0.0;8.8;False;62.0;62;31;0;b'\x00';False;81946;1;0
255864560;24.889545;-34.379025;0;0.0;10.2;False;264.5;265;29;0;b'\x00';False;8960;3;0
241478000;29.56832;-32.345382;0;-0.0;14.4;False;231.2;229;24;0;b'\x00';False;81962;1;0
601487000;18.230945;-34.124773;0;-128.0;10.5;False;184.2;511;29;0;b'\x00';False;2232;1;0
357929000;33.696165;-32.698687;0;0.0;8.5;False;72.6;71;29;0;b'\x00';False;33944;1;0
447017000;28.609193;-33.2777;0;4.0;15.3;False;233.5;235;31;0;b'\x00';False;81993;1;0
601762000;19.610778;-35.763777;7;0.0;8.6;False;140.1;135;31;0;b'\x00';False;26704;1;0
353615000;28.674052;-33.80785;0;16.0;9.4;True;72.4;70;30;0;b'\x00';False;3344;3;0
372070000;28.925872;-33.817612;0;0.0;7.4;False;60.9;58;31;0;b'\x00';False;26704;1;0
431888000;17.892012;-34.438938;0;1.0;16.8;False;120.1;120;27;0;b'\x00';False;66735;1;0
636016038;26.228827;-35.834837;0;0.0;15.8;False;78.3;81;54;0;b'\x00';False;66748;1;0
477648600;18.300078;-34.78559;0;0.0;11.8;False;111.6;108;30;0;b'\x00';False;99517;1;0
538004316;18.19212;-34.098892;0;0.0;12.4;False;355.1;356;32;0;b'\x00';False;66752;1;0
205178000;26.228947;-33.948448;0;-1.0;1.0;False;271.7;187;30;0;b'\x00';False;114803;1;0
601333500;16.912083;-31.824967;7;0.0;7.8;True;138.0;141;33;0;b'\x00';False;99525;1;0
563227500;27.582112;-33.906472;0;28.0;9.0;True;71.2;64;31;0;b'\x00';True;4368;3;0
538011123;21.133603;-34.9006;0;0.0;10.9;False;259.0;259;30;0;b'\x00';False;114739;1;0
219077000;20.001333;-34.988862;0;0.0;14.6;False;286.3;288;33;0;b'\x00';False;80109;3;0
538009016;27.739;-34.288633;0;0.0;5.4;False;74.0;68;31;0;b'\x00';False;49194;1;0
403539000;24.547562;-34.822257;0;-0.0;12.1;False;84.7;87;24;0;b'\x00';False;2288;1;0
319122200;23.48545;-35.51465;0;0.0;14.6;False;231.0;229;33;0;b'\x00';False;34023;1;0
538007495;20.589858;-35.530887;0;0.0;12.7;True;93.5;95;31;0;b'\x00';False;49207;1;0
374129000;29.946913;-34.779372;0;0.0;11.3;False;225.1;225;20;0;b'\x00';False;2281;1;0
538010445;13.856153;-31.954042;0;1.0;14.7;False;308.1;310;33;0;b'\x00';False;2245;1;0
636020729;21.141668;-34.63649;0;-3.0;17.3;False;264.7;263;30;0;b'\x00';False;49193;1;0
357762000;23.252272;-36.997407;0;9.0;8.4;False;92.0;97;52;0;b'\x00';False;66809;1;0
538010068;35.06389;-30.994583;0;-3.0;11.7;False;245.7;249;33;0;b'\x00';False;66827;1;0
601970000;20.545855;-36.700603;7;0.0;0.2;True;198.0;219;34;0;b'\x00';True;0;3;0
431200000;15.722483;-33.709832;0;-2.0;15.9;False;121.4;122;13;0;b'\x00';False;26704;1;0
311000398;25.529853;-34.92046;0;-3.0;5.8;False;92.3;72;35;0;b'\x00';False;81992;1;0
311538000;27.778117;-33.703;0;0.0;7.1;False;71.0;69;31;0;b'\x00';False;2227;1;0
477142900;29.237758;-33.212282;0;0.0;6.9;False;73.1;69;33;0;b'\x00';False;12225;3;0
258003000;27.842882;-33.554328;0;0.0;14.4;False;238.2;243;33;0;b'\x00';False;2271;1;0
636021536;29.421305;-31.988332;0;0.0;15.4;False;48.8;47;28;0;b'\x00';False;81969;1;0
247379500;29.53521;-33.205528;0;-9.0;16.3;False;252.1;251;25;0;b'\x00';False;2230;1;0
355113000;20.486242;-34.971788;0;0.0;16.0;False;265.7;268;36;0;b'\x00';False;2272;1;0
636021546;30.127683;-31.948218;0;-1.0;15.0;False;224.4;225;35;0;b'\x00';False;66869;1;0
245912000;24.227403;-34.567798;0;1.0;10.8;False;85.0;86;36;0;b'\x00';False;26704;1;0
351090000;1.34551;-36.244252;0;-3.0;10.3;False;91.8;90;32;0;b'\x00';False;81921;1;0
257389000;24.650633;-34.778187;0;-14.0;15.2;False;82.2;81;34;0;b'\x00';False;2624;3;0
248302000;19.642432;-34.992242;0;0.0;14.8;False;265.5;264;36;0;b'\x00';False;26704;1;0
215126000;20.931277;-34.918732;0;0.0;17.8;True;262.1;261;35;0;b'\x00';True;49187;1;0
257389000;24.650633;-34.778187;0;-14.0;15.2;False;82.2;81;34;0;b'\x00';False;1472;3;0
563220800;21.929533;-34.701793;0;-1.0;13.2;False;80.2;80;35;0;b'\x00';False;26704;1;0
636022742;25.60825;-35.127683;0;0.0;6.9;False;88.0;79;35;0;b'\x00';False;66901;1;0
636019992;20.906672;-34.940047;0;-2.0;11.9;False;261.6;260;35;0;b'\x00';False;81963;1;0
636016680;17.0062;-35.5488;0;0.0;9.6;False;83.0;92;34;0;b'\x00';False;34143;1;0
241478000;29.567992;-32.345655;0;1.0;14.1;False;224.7;229;30;0;b'\x00';False;2287;1;0
405000348;28.16248;-33.661332;0;0.0;5.8;False;56.5;53;16;0;b'\x00';False;180314;1;0
601005500;21.439973;-35.593543;7;-128.0;4.9;False;121.5;511;37;0;b'\x00';True;66944;1;0
311000335;26.704353;-34.314522;0;-1.0;18.1;True;237.0;237;35;0;b'\x00';False;49275;1;0
258804000;26.201047;-34.605257;0;0.0;7.7;False;75.8;65;38;0;b'\x00';False;82005;1;0
538011195;24.974035;-34.627762;0;0.0;12.3;False;263.4;262;35;0;b'\x00';False;2243;1;0
636023935;33.786783;-28.587983;0;0.0;10.2;False;260.0;259;35;0;b'\x00';False;2315;1;0
352004147;29.696467;-34.415067;0;0.0;12.5;False;234.0;235;38;0;b'\x00';False;66961;1;0
311001111;19.701683;-35.187415;0;1.0;16.2;False;90.0;91;37;0;b'\x00';False;114730;1;0
636022208;27.084623;-33.755338;0;0.0;9.4;False;64.6;62;38;0;b'\x00';False;2277;1;0
601600400;31.029312;-29.863082;0;-128.0;0.0;True;317.5;511;38;0;b'\x00';False;66966;1;0
538007350;18.227863;-33.736655;0;-1.0;15.2;False;321.8;322;50;0;b'\x00';False;26704;1;0
538004184;21.791367;-34.823233;0;0.0;11.2;False;261.0;261;37;0;b'\x00';False;2260;1;0
311000430;25.188907;-34.531245;0;0.0;11.8;False;266.2;267;39;0;b'\x00';False;25891;3;0
257389000;24.650885;-34.778143;0;-13.0;15.2;False;80.6;80;37;0;b'\x00';False;4704;3;0
356505000;26.090377;-33.838183;0;0.0;7.8;True;318.6;312;38;0;b'\x00';False;114788;1;0
311052100;22.471575;-34.75699;0;0.0;11.2;False;262.4;262;40;0;b'\x00';False;49184;1;0
256349000;27.685835;-33.833078;0;-1.0;15.2;False;241.3;244;4;0;b'\x00';False;114752;1;0
538006922;27.716963;-33.665035;0;-0.0;16.4;False;226.6;226;24;0;b'\x00';False;34253;1;0
319122200;23.485067;-35.514917;0;0.0;14.6;False;232.0;229;39;0;b'\x00';False;26704;1;0
357460000;27.217783;-34.331033;0;0.0;14.7;False;259.0;267;40;0;b'\x00';False;67026;1;0
373789000;23.704235;-34.792505;0;0.0;10.4;False;76.1;75;33;0;b'\x00';False;49208;1;0
477686200;24.764853;-34.390882;0;0.0;10.6;False;262.5;264;40;0;b'\x00';False;26704;1;0
311001347;18.903022;-34.992795;0;0.0;14.7;False;289.6;290;38;0;b'\x00';False;26704;1;0
563885000;22.369557;-35.043268;0;0.0;11.3;False;73.7;77;40;0;b'\x00';False;49204;1;0
431200000;15.722928;-33.710073;0;-1.0;16.0;False;123.6;122;19;0;b'\x00';False;26704;1;0
636093117;31.541523;-29.719443;0;1.0;8.3;False;352.1;354;40;0;b'\x00';False;49219;1;0
352003063;23.353773;-34.820478;0;1.0;11.8;False;70.9;73;39;0;b'\x00';False;19923;3;0
563039700;15.235483;-31.484733;0;0.0;17.3;False;143.4;145;38;0;b'@';False;26704;1;0
563076400;22.948062;-34.921482;0;-1.0;11.8;False;74.1;73;31;0;b'\x00';False;2223;1;0
563167700;26.10416;-34.20251;0;2.0;12.5;False;261.4;263;41;0;b'\x00';False;49293;1;0
352003078;20.397167;-34.954667;0;0.0;11.7;False;269.0;268;40;0;b'\x00';False;49178;1;0
355113000;20.485697;-34.971808;0;-1.0;16.1;False;266.9;268;42;0;b'\x00';False;34322;1;0
636020986;21.105667;-35.145967;0;4.0;20.3;True;85.3;86;40;0;b'\x00';True;99862;1;0
255864560;24.888967;-34.379065;0;0.0;10.3;False;265.6;265;39;0;b'\x00';False;8544;3;0
371618000;28.351333;-33.202;0;0.0;13.2;False;48.0;48;39;0;b'\x00';False;49264;1;0
373988000;15.790143;-34.111385;0;-1.0;12.2;False;292.7;293;15;0;b'\x00';False;49169;1;0
370271000;29.468162;-31.820085;0;0.0;8.0;False;218.0;216;41;0;b'\x00';False;78093;3;0
372070000;28.926233;-33.817435;0;0.0;7.4;False;59.2;58;41;0;b'\x00';False;2277;1;0
215126000;20.930688;-34.918802;0;0.0;17.5;True;261.8;261;41;0;b'\x00';True;2277;1;0
538007549;25.542517;-34.293983;0;0.0;10.8;False;264.0;263;42;0;b'\x00';False;26704;1;0
357929000;33.696675;-32.698587;0;0.0;8.6;False;75.8;71;40;0;b'\x00';False;49155;1;0
477202600;27.527502;-34.824198;0;-2.0;11.8;False;86.9;81;36;0;b'\x00';False;2265;1;0
6010026;27.91152;-33.024558;;;;False;;;41;;b'\x00\x00';True;2250;4;0
538011123;21.133;-34.900697;0;0.0;10.9;False;259.0;260;40;0;b'\x00';False;26704;1;0
311000398;25.53011;-34.920433;0;-3.0;5.5;False;84.7;72;43;0;b'\x00';False;67143;1;0
357762000;23.252702;-36.997422;0;5.0;8.3;False;92.2;97;1;0;b'\x00';False;26704;1;0
120;17.722052;-34.379863;;;;False;;;43;;b'\x00';False;;21;0
563153600;26.027082;-34.321888;0;-2.0;12.0;False;241.5;241;44;0;b'\x00';False;2280;1;0
355037000;19.841585;-36.456283;0;0.0;13.1;False;62.5;66;42;0;b'\x00';False;114704;1;0
538006508;30.126763;-34.002192;0;0.0;9.4;False;68.6;66;32;0;b'\x00';False;2293;1;0
563178600;19.783618;-34.937783;0;0.0;11.3;False;285.6;287;43;0;b'\x00';False;26704;1;0
601180400;17.563072;-33.377173;0;127.0;5.4;False;254.0;255;44;0;b'\x00';False;0;3;0
249251000;34.492502;-35.06194;0;1.0;8.5;False;91.4;95;29;0;b'\x00';False;49154;1;0
265827240;16.76421;-33.156422;0;0.0;16.5;False;316.0;316;44;0;b'\x00';False;34425;1;0
257389000;24.651407;-34.778095;0;16.0;15.3;False;81.9;82;43;0;b'\x00';False;2240;3;0
477232800;19.627348;-35.010585;0;0.0;16.3;False;108.7;111;42;0;b'\x00';False;26704;1;0
601022020;31.030885;-29.862398;3;0.0;0.0;False;44.5;227;42;0;b'\x00';False;26704;1;0
601489000;21.22196;-34.835533;0;-128.0;10.0;False;292.0;511;33;0;b'\x00';False;851;3;0
477631300;6.250538;-36.612678;0;2.0;12.9;False;86.6;87;27;0;b'\x00';False;81920;1;0
319122200;23.48465;-35.51515;0;0.0;14.6;False;232.0;228;45;0;b'\x00';False;34474;1;0
538006545;29.014422;-32.523302;0;0.0;16.1;False;224.1;225;46;0;b'\x00';False;34485;1;0
538006922;27.716503;-33.665407;0;0.0;16.4;False;225.7;226;31;0;b'\x00';False;100025;1;0
538010445;13.855407;-31.953542;0;1.0;14.8;False;308.2;310;45;0;b'\x00';False;26704;1;0
636019992;20.906005;-34.940132;0;-1.0;11.9;False;261.2;260;45;0;b'\x00';False;26704;1;0
255864560;24.888682;-34.379085;0;127.0;10.2;False;264.4;265;44;0;b'\x00';False;0;3;0
538006609;21.52069;-35.03129;0;-4.0;11.7;False;70.2;72;31;0;b'\x00';False;49187;1;0
601939300;22.154838;-34.969712;0;-16.0;0.5;False;63.1;94;47;0;b'\x00';False;26704;1;0
601366500;18.422083;-33.904685;15;-128.0;0.0;False;321.6;511;47;0;b'\x00';False;34536;1;0
371172000;42.626517;-28.536233;0;0.0;18.3;False;244.0;243;45;0;b'\x00';False;2237;1;0
636022111;31.32355;-32.60193;0;0.0;17.4;False;62.4;64;47;0;b'\x00';False;67313;1;0
305306000;17.960448;-33.026977;0;-128.0;0.0;False;360.0;511;47;0;b'\x00';False;26704;1;0
247379500;29.534208;-33.205827;0;8.0;16.1;False;251.9;251;37;0;b'\x00';False;67317;1;0
258804000;26.201467;-34.605158;0;0.0;7.7;False;74.5;66;48;0;b'\x00';False;34551;1;0
538008173;19.362735;-35.155203;0;-2.0;10.8;False;93.3;92;47;0;b'\x00';False;26704;1;0
405000348;28.162758;-33.661177;0;0.0;6.0;False;56.5;54;26;0;b'\x00';False;198398;1;0
601986000;18.42585;-33.902422;15;-128.0;0.0;False;63.4;511;47;0;b'\x00';False;26704;1;0
538008298;19.216817;-35.074033;0;3.0;12.7;False;91.0;93;46;0;b'@';False;26704;1;0
257389000;24.65166;-34.778065;0;-18.0;15.3;False;81.7;81;46;0;b'\x00';False;7089;3;0
355288000;17.703878;-34.198405;0;0.0;19.7;False;314.4;315;47;0;b'\x00';False;2247;1;0
215126000;20.929997;-34.918882;0;-1.0;17.5;True;261.9;261;48;0;b'\x00';True;49187;1;0
374275000;24.026225;-34.801842;0;0.0;12.7;False;80.3;81;46;0;b'\x00';False;114726;1;0
636020244;9.22377;-37.819383;0;-0.0;11.2;False;85.5;82;6;0;b'\x00';False;49152;1;0
209677000;28.929197;-33.951717;0;0.0;10.0;False;263.4;260;48;0;b'\x00';False;114715;1;0
232011742;27.742528;-33.569938;0;-2.0;18.3;False;248.1;253;47;0;b'\x00';False;2219;1;0
601005500;21.440258;-35.59366;7;-128.0;4.9;False;112.7;511;48;0;b'\x00';True;26704;1;0
538008320;28.46164;-34.054603;0;0.0;11.6;False;221.5;220;49;0;b'\x00';False;81937;1;0
601245600;31.049877;-29.874172;3;0.0;0.0;False;22.0;280;46;0;b'\x00';False;100140;1;0
636018057;27.433127;-33.8326;0;0.0;19.8;False;232.7;235;42;0;b'\x00';False;67380;1;0
431888000;17.893485;-34.439647;0;0.0;16.9;False;119.4;120;44;0;b'\x00';False;34616;1;0
447017000;28.607975;-33.278472;0;2.0;15.5;False;229.0;235;49;0;b'\x00';False;26704;1;0
356505000;26.090023;-33.837917;0;0.0;7.8;True;323.2;312;49;0;b'\x00';False;82020;1;0
241478000;29.567242;-32.346225;0;2.0;14.3;False;226.5;229;42;0;b'\x00';False;67391;1;0
355036000;21.592088;-34.865307;0;0.0;11.9;False;264.6;263;37;0;b'\x00';False;81987;1;0
257389000;24.651825;-34.778037;0;-22.0;15.2;False;80.4;80;48;0;b'\x00';False;5072;3;0
636017088;26.078867;-34.265155;0;-0.0;13.4;False;69.1;68;47;0;b'\x00';False;82062;1;0
241890000;34.501127;-32.110733;0;-1.0;15.6;False;247.4;248;49;0;b'\x00';False;49158;1;0
371618000;28.35175;-33.201667;0;0.0;13.1;False;47.0;48;47;0;b'\x00';False;67430;1;0
563093300;19.793555;-35.087477;0;0.0;11.7;False;110.0;111;49;0;b'\x00';False;67437;1;0
265057000;25.673558;-34.439883;0;0.0;11.4;False;259.8;260;49;0;b'\x00';False;34678;1;0
236710000;31.123085;-32.749598;0;0.0;8.4;False;60.9;60;51;0;b'\x00';False;100222;1;0
538007145;17.851033;-34.8352;0;0.0;11.1;False;104.0;100;51;0;b'\x00';False;81956;1;0
538006959;28.691497;-33.12523;0;4.0;15.3;False;247.0;253;31;0;b'\x00';False;34704;1;0
563059600;21.755812;-35.601277;0;0.0;12.6;False;79.3;81;49;0;b'\x00';False;114688;1;0
538004316;18.192033;-34.097763;0;0.0;12.4;False;355.8;356;51;0;b'\x00';False;2287;1;0
371595000;28.036652;-34.208357;0;0.0;9.9;False;67.6;66;50;0;b'\x00';False;34717;1;0
372070000;28.926618;-33.817277;0;0.0;7.5;False;61.7;57;51;0;b'\x00';False;67489;1;0
563039700;15.23615;-31.4855;0;0.0;17.3;False;143.2;145;50;0;b'@';False;2233;1;0
265057000;25.67343;-34.439895;0;-127.0;11.5;False;261.0;260;51;0;b'\x00';False;2800;3;0
265057000;25.67343;-34.439895;0;-127.0;11.5;False;261.0;260;51;0;b'\x00';False;8848;3;0
311000398;25.530467;-34.920435;0;-4.0;5.6;False;85.9;72;54;0;b'\x00';False;2267;1;0
563153600;26.026493;-34.322158;0;-0.0;12.0;False;241.9;241;54;0;b'\x00';False;26704;1;0
636021536;29.422473;-31.9874;0;0.0;15.4;False;47.2;46;47;0;b'\x00';False;34776;1;0
538007549;25.5418;-34.29405;0;0.0;10.8;False;264.0;262;54;0;b'\x00';False;49258;1;0
372280000;30.579005;-32.901512;0;0.0;16.5;False;248.6;250;49;0;b'\x00';False;2242;1;0
563178600;19.783007;-34.937643;0;0.0;11.3;False;285.9;287;52;0;b'\x00';False;26704;1;0
257389000;24.652163;-34.777982;0;20.0;15.3;False;79.4;82;52;0;b'\x00';False;0;3;0
376485000;18.450733;-33.918827;15;0.0;0.0;False;360.0;318;53;0;b'\x00';False;26704;1;0
257389000;24.652163;-34.777982;0;22.0;15.3;False;79.4;82;52;0;b'\x00';False;1168;3;0
403539000;24.548937;-34.82215;0;-1.0;12.1;False;85.5;87;44;0;b'\x00';False;67559;1;0
256612000;16.950012;-33.723775;0;-1.0;18.0;False;137.3;138;54;0;b'\x00';False;2247;1;0
563647000;38.516817;-28.08685;0;0.0;13.0;False;257.0;256;53;0;b'\x00';False;2262;1;0
374129000;29.946065;-34.780152;0;0.0;11.3;False;222.1;226;40;0;b'\x00';False;34798;1;0
477617800;15.728018;-33.833133;0;0.0;10.2;False;87.8;86;49;0;b'\x00';False;67578;1;0
477184800;23.237008;-34.686713;0;0.0;13.8;False;262.9;267;45;0;b'\x00';False;49225;1;0
215125000;27.700747;-34.272463;0;3.0;16.1;False;63.7;63;53;0;b'\x00';False;34816;1;0
601489000;21.221493;-34.835383;0;-128.0;9.9;False;291.7;511;42;0;b'\x00';False;2227;1;0
351090000;1.346623;-36.244275;0;-2.0;10.3;False;91.8;90;51;0;b'\x00';False;100370;1;0
257033170;20.162327;-35.044918;0;-2.0;12.3;False;260.1;258;54;0;b'\x00';False;49195;1;0
525119194;24.564532;-36.424132;0;0.0;12.1;False;91.6;89;55;0;b'\x00';False;2296;1;0
352715000;23.115855;-34.600838;0;0.0;11.8;False;257.5;259;57;0;b'\x00';False;33111;1;0
354726000;21.567967;-35.9282;0;-2.0;11.8;False;84.0;84;7;0;b'\x00';False;26708;1;0
314484000;18.11003;-35.266407;0;0.0;9.8;False;89.6;83;7;0;b'\x00';False;65884;1;0
477232800;19.629542;-35.011207;0;-8.0;16.3;False;108.0;109;7;0;b'\x00';False;2222;1;0
356505000;26.089377;-33.83749;0;0.0;7.5;True;312.2;312;8;0;b'\x00';False;26708;1;0
311000621;17.910243;-34.752778;0;0.0;10.6;False;101.2;101;8;0;b'\x00';False;98669;1;0
601762000;19.611957;-35.764913;7;0.0;8.3;False;139.6;134;9;0;b'\x00';False;33138;1;0
319122200;23.483017;-35.5162;0;0.0;14.6;False;231.0;228;10;0;b'\x00';False;65917;1;0
563209200;25.869878;-34.121815;0;0.0;8.0;False;76.3;77;34;0;b'\x00';False;26708;1;0
356837000;17.802;-33.91665;0;0.0;12.0;False;320.0;321;8;0;b'\x00';False;26708;1;0
710033330;29.08554;-33.692882;0;0.0;13.2;False;245.8;244;12;0;b'\x00';False;114699;1;0
256226000;24.710015;-34.724503;0;-1.0;17.6;False;81.7;82;9;0;b'\x00';False;49239;1;0
636019094;20.37785;-34.9138;0;0.0;8.8;False;61.0;63;11;0;b'\x00';False;33191;1;0
636020720;15.400168;-36.452667;0;0.0;11.2;False;89.6;96;12;0;b'\x00';False;26708;1;0
477752400;18.254942;-33.845035;0;0.0;0.3;False;53.4;182;3;0;b'\x00';False;65968;1;0
352003078;20.39515;-34.954683;0;0.0;11.7;False;269.0;268;10;0;b'\x00';False;26708;1;0
265057000;25.672287;-34.440088;0;0.0;11.5;False;259.5;260;9;0;b'\x00';False;3120;3;0
215126000;20.927737;-34.919152;0;0.0;17.6;True;262.5;262;11;0;b'\x00';True;49188;1;0
352002868;24.921762;-34.474127;0;-4.0;11.3;False;75.8;74;12;0;b'\x00';False;2264;1;0
352001434;12.417807;-27.650415;0;0.0;11.8;False;143.2;145;11;0;b'\x00';False;49157;1;0
538005096;26.385217;-34.702233;0;0.0;6.3;False;76.0;68;9;0;b'\x00';False;114751;1;0
636022295;30.454633;-33.320733;0;0.0;8.3;False;70.0;73;10;0;b'\x00';False;26708;1;0
371618000;28.352933;-33.200733;0;0.0;13.2;False;47.0;47;11;0;b'\x00';False;33231;1;0
419000180;20.386152;-34.967612;0;0.0;11.3;False;264.8;267;4;0;b'\x00';False;2212;1;0
241478000;29.565835;-32.347257;0;1.0;14.1;False;230.0;229;7;0;b'\x00';False;2249;1;0
311595000;22.712445;-34.66613;0;0.0;18.3;False;258.8;257;13;0;b'\x00';False;33328;1;0
477232800;19.62998;-35.011338;0;-6.0;16.3;False;109.3;108;12;0;b'\x00';False;66097;1;0
636016038;26.23258;-35.8342;0;0.0;15.9;False;78.5;81;36;0;b'\x00';False;66099;1;0
636016971;17.87138;-34.79184;0;-1.0;12.8;False;105.7;109;59;0;b'\x00';False;66102;1;0
636018598;17.229517;-33.428483;0;0.0;11.4;False;320.0;324;15;0;b'\x00';False;26708;1;0
538006959;28.689617;-33.125875;0;-3.0;15.2;False;247.9;253;55;0;b'\x00';False;26708;1;0
563039700;15.23745;-31.486983;0;0.0;17.2;False;144.1;145;13;0;b'@';False;114690;1;0
432902000;20.414352;-35.499468;0;0.0;10.0;False;87.9;90;15;0;b'\x00';False;49184;1;0
372848000;21.27255;-35.141955;0;-4.0;9.3;False;83.4;84;7;0;b'\x00';False;33360;1;0
305306000;17.960443;-33.02698;0;-128.0;0.0;False;360.0;511;15;0;b'\x00';False;66126;1;0
319122200;23.4827;-35.5164;0;0.0;14.6;False;232.0;228;15;0;b'\x00';False;33360;1;0
352425000;25.758483;-34.588133;0;1.0;8.7;False;76.0;74;16;0;b'\x00';False;26708;1;0
257389000;24.65403;-34.777737;0;-14.0;15.3;False;79.8;81;14;0;b'\x00';False;2528;3;0
636016852;22.973687;-36.908833;0;-5.0;8.9;False;73.2;76;15;0;b'\x00';False;66154;1;0
563220800;21.932525;-34.701342;0;-0.0;13.2;False;79.8;81;17;0;b'\x00';False;33426;1;0
601002980;20.7225;-36.725212;7;-18.0;8.1;True;144.2;144;16;0;b'\x00';False;66197;1;0
405000348;28.163588;-33.660722;0;0.0;5.7;False;58.1;54;56;0;b'\x00';False;164502;1;0
357169000;17.796203;-34.578077;0;0.0;10.9;False;139.6;139;6;0;b'\x00';False;66198;1;0
373291000;13.248915;-37.402242;0;0.0;11.8;False;75.7;80;2;0;b'\x00';False;78733;3;0
209677000;28.927588;-33.951948;0;0.0;9.9;False;261.2;259;17;0;b'\x00';False;49178;1;0
636023706;19.564325;-34.978458;0;0.0;10.2;True;266.6;265;18;0;b'\x00';True;66203;1;0
477648100;25.983262;-33.777863;0;2.0;1.0;False;360.0;55;17;0;b'\x00';False;66208;1;0
636020986;21.1099;-35.145683;0;2.0;20.3;False;85.7;86;17;0;b'\x00';True;81954;1;0
372280000;30.576887;-32.902178;0;0.0;16.5;False;250.3;251;14;0;b'\x00';False;66213;1;0
85;181.0;91.0;;;;True;;;63;;b'\x00';False;;21;0
538008298;19.218983;-35.074067;0;2.0;12.8;False;90.9;93;16;0;b'@';False;49163;1;0
6010036;18.4835;-34.3515;;;;False;;;60;;b'\x00\x00';False;197302;4;0
636022170;35.163475;-25.953735;0;-0.0;12.1;False;221.2;221;18;0;b'\x00';False;66239;1;0
215126000;20.927048;-34.919238;0;1.0;17.6;True;261.3;262;18;0;b'\x00';True;49188;1;0
85;181.0;91.0;;;;True;;;63;;b'\x00';False;;21;0
352715000;23.115142;-34.600975;0;0.0;11.8;False;256.7;259;7;0;b'\x00';False;81990;1;0
311000335;26.700787;-34.316473;0;-1.0;18.0;True;237.0;238;17;0;b'\x00';False;2282;1;0
311001111;19.705452;-35.187382;0;1.0;16.2;False;89.4;90;18;0;b'\x00';False;26708;1;0
538005557;16.74985;-33.271467;0;0.0;11.7;False;291.0;292;20;0;b'\x00';False;26708;1;0
636017853;8.818028;-36.993637;0;-2.0;10.5;False;96.6;97;21;0;b'\x00';False;81925;1;0
477232800;19.630503;-35.011478;0;-4.0;16.3;False;107.6;108;18;0;b'\x00';False;66297;1;0
352003078;20.3945;-34.954683;0;0.0;11.7;False;269.0;268;20;0;b'\x00';False;49178;1;0
241096000;32.03503;-28.79407;5;0.0;0.0;False;27.0;300;36;0;b'\x00';False;84938;3;0
311001347;18.899678;-34.991782;0;0.0;14.7;False;289.8;290;21;0;b'\x00';False;26708;1;0
373843000;32.192757;-28.885907;0;0.0;3.5;False;18.1;36;6;0;b'\x00';False;2272;1;0
372070000;28.927725;-33.816728;0;0.0;7.4;False;59.0;57;23;0;b'\x00';False;26708;1;0
257389000;24.654627;-34.77768;0;5.0;15.3;False;82.4;82;21;0;b'\x00';False;2032;3;0
419000180;20.38553;-34.967662;0;0.0;11.4;False;264.2;267;14;0;b'\x00';False;70989;3;0
352978182;26.221413;-34.52786;0;0.0;17.1;False;241.6;243;20;0;b'\x00';False;66395;1;0
355113000;20.481982;-34.972017;0;2.0;16.0;False;265.2;268;24;0;b'\x00';False;33639;1;0
563178600;19.781155;-34.937232;0;0.0;11.3;False;285.5;287;22;0;b'\x00';False;33661;1;0
636021546;30.124925;-31.950705;0;-3.0;15.0;False;219.3;225;23;0;b'\x00';False;81959;1;0
538008581;23.36142;-34.745282;0;4.0;12.1;False;265.6;269;17;0;b'\x00';False;99219;1;0
538007350;18.22535;-33.734042;0;0.0;15.1;False;321.7;322;38;0;b'\x00';False;2282;1;0
245912000;24.230508;-34.567602;0;-8.0;11.0;False;85.1;85;26;0;b'\x00';False;2227;1;0
563220800;21.933258;-34.701233;0;0.0;13.2;False;79.6;80;26;0;b'\x00';False;2301;1;0
477232800;19.631018;-35.011618;0;-2.0;16.3;False;108.1;108;24;0;b'\x00';False;26708;1;0
538006628;24.327733;-34.459233;0;-0.0;11.1;False;261.5;261;27;0;b'\x00';False;26708;1;0
636015632;25.26143;-34.288683;0;0.0;13.6;False;257.7;259;15;0;b'\x00';False;82029;1;0
566545000;27.77185;-34.008167;0;0.0;6.9;False;83.0;77;26;0;b'\x00';False;81988;1;0
373291000;13.24957;-37.40208;0;0.0;12.0;False;75.2;80;12;0;b'\x00';False;2269;1;0
538003522;22.847183;-34.986117;0;0.0;11.5;False;81.0;80;27;0;b'\x00';False;114762;1;0
477174700;17.048157;-32.298298;0;0.0;15.7;False;341.3;341;27;0;b'\x00';True;66589;1;0
477153100;21.253023;-34.68991;0;0.0;10.5;False;83.8;83;27;0;b'\x00';False;66592;1;0
538008173;19.365267;-35.155247;0;-8.0;10.8;False;89.1;92;29;0;b'\x00';False;99370;1;0
352715000;23.114558;-34.601087;0;0.0;11.8;False;256.6;259;16;0;b'\x00';False;26708;1;0
538006545;29.011807;-32.525647;0;0.0;16.1;False;223.1;224;29;0;b'\x00';False;26708;1;0
352003691;12.949483;-28.691233;0;0.0;10.3;False;144.0;144;28;0;b'\x00';False;26708;1;0
477714100;20.070802;-35.04402;0;0.0;10.6;False;68.9;72;25;0;b'\x00';False;49180;1;0
566476000;32.32272;-28.759005;0;0.0;8.1;False;205.1;191;29;0;b'\x00';False;114731;1;0
477648100;25.983295;-33.777813;0;4.0;1.4;False;16.3;55;28;0;b'\x00';False;26708;1;0
636024028;25.834265;-34.62942;0;0.0;8.7;False;85.7;78;28;0;b'\x00';False;82005;1;0
441115000;21.471868;-34.862088;0;0.0;17.3;False;260.1;260;30;0;b'\x00';False;81957;1;0
355113000;20.481343;-34.972035;0;1.0;16.1;False;267.4;268;30;0;b'\x00';False;66661;1;0
215126000;20.925967;-34.919367;0;1.0;17.7;True;262.3;262;29;0;b'\x00';True;66665;1;0
636018057;27.429453;-33.83494;0;0.0;19.8;False;232.6;235;24;0;b'\x00';False;26708;1;0
636019094;20.378683;-34.913433;0;0.0;8.8;False;61.0;63;30;0;b'\x00';False;66698;1;0
477686200;24.761865;-34.391242;0;0.0;10.6;False;261.9;263;31;0;b'\x00';False;49250;1;0
352003078;20.393817;-34.954717;0;0.0;11.6;False;268.0;268;31;0;b'\x00';False;2252;1;0
636017853;8.818678;-36.993693;0;1.0;10.4;False;95.9;98;32;0;b'\x00';False;33950;1;0
311001111;19.706557;-35.187367;0;2.0;16.3;False;89.1;90;30;0;b'\x00';False;99489;1;0
352001434;12.418585;-27.651297;0;0.0;11.8;False;142.4;144;31;0;b'\x00';False;33955;1;0
613003611;18.439848;-33.917252;0;-128.0;0.0;False;220.0;220;50;0;b'\x00';False;133265;1;0
636018765;21.6775;-35.091767;0;0.0;12.2;False;91.0;91;30;0;b'\x00';False;66733;1;0
219413000;1.236747;-41.024775;0;0.0;12.2;False;74.4;74;59;0;b'\x00';False;49152;1;0
477846500;15.594747;-33.749653;0;0.0;18.7;False;293.0;295;31;0;b'\x00';False;26708;1;0
419000180;20.384892;-34.967685;0;0.0;11.4;False;265.7;267;24;0;b'\x00';False;66744;1;0
538004316;18.191843;-34.095325;0;0.0;12.3;False;356.2;357;31;0;b'\x00';False;49258;1;0
376371000;17.516227;-32.677407;0;0.0;6.4;False;335.8;345;35;0;b'\x00';False;2240;1;0
601333500;16.91385;-31.826583;7;0.0;7.8;True;138.3;142;33;0;b'\x00';False;81923;1;0
538011123;21.129975;-34.901148;0;0.0;10.9;False;259.0;261;31;0;b'\x00';False;99530;1;0
538010069;9.013273;-33.994462;0;3.0;12.4;False;87.6;84;31;0;b'\x00';False;26708;1;0
636020893;25.135553;-34.767208;0;127.0;10.5;False;252.4;255;31;0;b'\x00';False;0;3;0
311000802;8.209028;-36.462142;0;-2.0;12.1;False;83.8;83;32;0;b'\x00';False;114691;1;0
319122200;23.481533;-35.51715;0;0.0;14.6;False;231.0;228;33;0;b'\x00';False;26708;1;0
538008581;23.360747;-34.745297;0;4.0;12.1;False;265.7;269;27;0;b'\x00';False;34037;1;0
538008468;27.985885;-33.54016;0;4.0;16.4;False;233.0;232;23;0;b'\x00';False;34041;1;0
538010316;30.35601;-33.398223;0;3.0;13.5;False;244.9;245;32;0;b'\x00';False;3520;3;0
374763000;16.614017;-33.533117;0;0.0;11.5;False;139.0;137;33;0;b'\x00';False;2251;1;0
257774000;8.215592;-36.82362;0;0.0;10.3;False;91.1;94;35;0;b'\x00';False;66832;1;0
257033170;20.159662;-35.045278;0;-4.0;12.3;False;260.4;258;33;0;b'\x00';False;49194;1;0
432902000;20.415423;-35.499458;0;0.0;10.0;False;88.9;90;34;0;b'\x00';False;49184;1;0
538007194;4.282067;-33.893298;0;0.0;11.6;False;91.0;95;44;0;b'\x00';False;34076;1;0
601045000;16.995197;-30.557293;3;0.0;4.4;False;348.1;346;48;0;b'\x00';False;67390;1;0
636018023;20.54017;-34.97702;0;-4.0;11.7;False;257.4;258;45;0;b'\x00';False;49167;1;0
403632001;14.547907;-33.463438;0;-0.0;12.8;False;119.3;117;42;0;b'\x00';False;67410;1;0
636017853;8.819833;-36.993802;0;0.0;10.5;False;96.3;98;51;0;b'\x00';False;2298;1;0
567609000;2.223378;-36.059077;0;1.0;17.7;False;93.1;92;50;0;b'\x00';False;34658;1;0
356793000;12.199928;-33.761197;0;0.0;12.1;False;279.4;282;48;0;b'\x00';False;67430;1;0
601180400;17.561117;-33.377363;0;127.0;5.4;False;271.2;277;50;0;b'\x00';False;3617;3;0
352003078;20.392583;-34.95475;0;0.0;11.6;False;268.0;268;50;0;b'\x00';False;26708;1;0
6010033;18.2395;-31.817667;;;;False;;;50;;b'\x00\x00';False;81921;4;0
477441300;30.35351;-31.849082;0;0.0;14.5;False;214.8;215;41;0;b'\x00';False;2247;1;0
601375700;15.83856;-31.06497;7;0.0;0.7;False;75.7;33;51;0;b'\x00';False;114689;1;0
304811000;26.74958;-33.784672;0;0.0;9.3;False;242.2;240;50;0;b'\x00';False;2207;1;0
357395000;11.061888;-33.584322;0;0.0;12.7;False;288.6;283;53;0;b'\x00';False;34740;1;0
538004316;18.191747;-34.094117;0;0.0;12.3;False;356.5;356;52;0;b'\x00';False;100283;1;0
538005512;14.995175;-32.65924;0;1.0;13.0;False;132.0;132;53;0;b'\x00';False;34748;1;0
538003360;14.570338;-30.800935;0;-4.0;15.4;False;308.8;306;51;0;b'\x00';False;100290;1;0
352001447;11.812567;-32.02459;0;-0.0;17.1;False;298.1;298;53;0;b'\x00';False;67540;1;0
563153600;26.022957;-34.32378;0;-4.0;12.0;False;241.7;241;54;0;b'\x00';False;2242;1;0
563050600;14.135945;-34.920062;0;0.0;16.5;False;93.7;94;54;0;b'\x00';False;34776;1;0
215739000;13.177307;-32.645587;0;0.0;18.2;False;299.8;302;53;0;b'\x00';False;26708;1;0
538010507;13.175792;-29.816995;0;0.0;12.1;False;140.1;143;49;0;b'\x00';False;2227;1;0
376485000;18.45074;-33.918825;15;0.0;0.0;False;360.0;318;53;0;b'\x00';False;2276;1;0
374763000;16.614833;-33.533917;0;0.0;11.4;False;139.0;137;53;0;b'\x00';False;67612;1;0
538011193;17.665862;-34.202005;0;0.0;13.2;False;318.2;319;54;0;b'\x00';False;26708;1;0
431888000;17.898838;-34.442217;0;0.0;16.7;False;120.2;120;50;0;b'\x00';False;2262;1;0
650115000;33.38536;-25.540173;7;-128.0;2.7;True;229.7;511;55;0;b'\x00';True;67621;1;0
567609000;2.22388;-36.059087;0;0.0;17.7;False;92.6;92;55;0;b'\x00';False;49153;1;0
538007350;18.223825;-33.732465;0;5.0;15.2;False;321.6;322;8;0;b'\x00';False;49199;1;0
636022818;12.764188;-33.826095;0;1.0;12.7;False;90.5;91;54;0;b'\x00';False;49156;1;0
636017726;18.420565;-34.472322;0;0.0;19.2;False;113.3;113;54;0;b'\x00';False;49199;1;0
210842000;5.414023;-33.748178;0;0.0;11.3;False;91.3;90;57;0;b'\x00';False;34884;1;0
538005366;24.84465;-34.4645;0;0.0;8.6;False;255.0;259;53;0;b'\x00';False;81996;1;0
372908000;13.586818;-35.464227;0;0.0;9.9;False;83.5;82;35;0;b'\x00';False;34904;1;0
636018204;14.34581;-27.414653;0;2.0;14.8;False;333.8;332;56;0;b'\x00';False;26708;1;0
431725000;18.024893;-33.977443;7;0.0;0.5;False;72.7;5;55;0;b'\x00';False;26708;1;0
538010445;13.850908;-31.950468;0;-1.0;14.8;False;308.8;310;57;0;b'\x00';False;114691;1;0
352218000;-0.855488;-35.446648;0;-0.0;12.6;False;94.5;94;58;0;b'\x00';False;26708;1;0
601378300;17.430363;-33.210863;7;0.0;3.6;False;161.7;161;58;0;b'\x00';False;81934;1;0
477424900;15.606717;-32.070467;0;0.0;8.0;False;142.0;144;57;0;b'\x00';False;26708;1;0
538010906;18.434475;-33.912745;0;-24.0;1.0;False;174.6;32;57;0;b'\x00';False;7840;3;0
636017088;26.083578;-34.263662;0;0.0;13.5;False;68.9;68;57;0;b'\x00';False;34996;1;0
372754000;4.035842;-33.291892;0;0.0;11.1;False;97.4;96;35;0;b'\x00';False;26708;1;0
256787000;8.312293;-33.363817;0;-1.0;17.5;False;125.4;128;57;0;b'@';False;26708;1;0
440559000;7.519033;-31.615967;0;1.0;13.2;False;298.0;298;58;0;b'\x00';False;32780;1;0
354341000;3.676585;-32.341875;0;-0.0;12.2;False;280.4;282;23;0;b'\x00';False;114688;1;0
356793000;12.199125;-33.761087;0;0.0;12.1;False;279.2;282;59;0;b'\x00';False;2203;1;0
538009079;12.607355;-34.580788;0;-4.0;11.8;False;92.4;94;0;0;b'\x00';False;32829;1;0
538010020;5.030368;-31.600565;0;0.0;12.6;False;289.7;287;0;0;b'\x00';False;32849;1;0
538006976;10.818175;-32.45439;0;-1.0;15.2;False;115.7;113;1;0;b'\x00';False;49160;1;0
636019094;20.380033;-34.912833;0;0.0;8.8;False;62.0;63;2;0;b'\x00';False;2256;1;0
538004316;18.19171;-34.093507;0;0.0;12.4;False;356.6;356;2;0;b'\x00';False;65631;1;0
538008453;9.192465;-31.183895;0;2.0;11.8;False;293.8;291;46;0;b'\x00';False;81930;1;0
538010069;9.015367;-33.994385;0;-1.0;12.5;False;87.3;84;1;0;b'\x00';False;49160;1;0
601180400;17.56073;-33.37733;0;127.0;5.3;False;277.8;284;3;0;b'\x00';False;0;3;0
376485000;18.450735;-33.918827;15;0.0;0.0;False;360.0;317;4;0;b'\x00';False;98466;1;0
256787000;8.31268;-33.364052;0;0.0;17.3;False;124.8;128;2;0;b'@';False;2252;1;0
566478000;33.088627;-25.600643;0;-127.0;8.4;False;271.5;270;5;0;b'\x00';False;49160;1;0
538004498;13.766327;-32.836645;0;0.0;8.9;False;99.5;103;6;0;b'\x00';False;65751;1;0
565145000;13.833637;-33.938622;0;0.0;11.6;False;283.0;283;3;0;b'\x00';False;32983;1;0
477967700;16.115245;-32.629287;0;0.0;20.4;False;317.3;318;0;0;b'\x00';False;2261;1;0
636021870;33.664733;-25.512198;0;-4.0;10.8;False;252.2;256;4;0;b'\x00';False;2246;1;0
636022823;10.031618;-33.622672;0;-0.0;11.8;False;98.0;97;4;0;b'\x00';False;33026;1;0
431725000;18.024922;-33.977435;7;0.0;0.5;False;72.8;4;6;0;b'\x00';False;49196;1;0
565138000;18.835207;-34.657423;0;0.0;12.6;False;293.0;291;7;0;b'\x00';False;33033;1;0
563233200;8.899673;-32.479787;0;0.0;12.3;False;104.0;106;5;0;b'\x00';False;2236;1;0
601180400;17.560608;-33.377327;0;127.0;5.4;False;275.1;287;7;0;b'\x00';False;4032;3;0
352003451;17.286567;-34.143083;0;0.0;10.8;False;298.0;298;6;0;b'\x00';False;49196;1;0
372754000;4.036387;-33.29195;0;0.0;11.1;False;97.3;96;44;0;b'\x00';False;33083;1;0
636022786;15.748887;-29.196402;0;0.0;4.0;False;159.1;152;8;0;b'\x00';False;11553;3;0
304053000;9.184448;-34.600425;0;-1.0;12.1;False;88.1;86;9;0;b'\x00';False;33096;1;0
601271000;18.426413;-33.906353;7;0.0;0.0;False;242.4;226;8;0;b'\x00';False;65873;1;0
636016351;-1.085658;-33.820135;0;-0.0;12.7;False;101.5;102;9;0;b'\x00';False;33108;1;0
352003339;14.132738;-30.846553;0;2.0;13.5;False;142.0;140;9;0;b'\x00';False;114701;1;0
563232400;15.920723;-32.637307;0;1.0;12.2;False;318.5;318;9;0;b'\x00';False;49155;1;0
636018023;20.538887;-34.977265;0;0.0;11.7;False;256.8;258;5;0;b'\x00';False;81935;1;0
440559000;7.518533;-31.615733;0;0.0;13.2;False;299.0;298;8;0;b'\x00';False;33152;1;0
356837000;17.799467;-33.914067;0;0.0;12.0;False;320.0;321;8;0;b'\x00';False;2267;1;0
256787000;8.313157;-33.36433;0;1.0;17.3;False;125.8;128;8;0;b'@';False;33179;1;0
601023250;17.954013;-33.023768;7;0.0;0.0;False;242.6;292;12;0;b'\x00';False;98749;1;0
352001434;12.420107;-27.652985;0;0.0;11.8;False;141.2;143;11;0;b'\x00';False;77949;3;0
636093181;7.99476;-24.994445;0;0.0;17.0;False;140.2;139;11;0;b'\x00';False;81922;1;0
477893200;13.631878;-32.171413;0;0.0;17.4;False;303.5;304;10;0;b'\x00';False;66006;1;0
563052500;11.853888;-33.991767;0;0.0;20.1;False;89.7;90;12;0;b'\x00';False;2207;1;0
538010734;0.947397;-32.565415;0;0.0;9.6;False;277.1;278;14;0;b'\x00';False;26712;1;0
538005512;14.996297;-32.660077;0;-0.0;13.0;False;131.3;132;14;0;b'\x00';False;81921;1;0
376485000;18.450733;-33.918828;15;0.0;0.0;False;360.0;317;14;0;b'\x00';False;2259;1;0
